FlorentineDrawings_IdentifierBB1961,Collection_main,BB_1961_Inventory_number,CURRENT collection (if different from collection_main),CURRENT Inventory number (if different from BB_1961_inventory number),Museum_Link_Recto,Museum_Link_Verso,BB_1961_number_letter,BB_1961_Artist_NoQualifier,BB_1961_Qualifier,BB_1961_title_recto,BB_1961_title_verso,Object_repository_URI,Comments from Diana + Sylvie
0001345-Berenson,British Museum,1858.7.24.4,,,,,1345,"Lippi, Filippino",,"Due nudi, l'uno seduto a leggere, l'altro in piedi ed ambedue in profilo a sinistra",,http://collection.britishmuseum.org/id/object/717605,
0001346-Berenson,British Museum,1860.6.16.64,,,,,1346,"Lippi, Filippino",,Uomo in profilo a sinistra nell'atto di colpire,,http://collection.britishmuseum.org/id/object/717604,
0001344-Berenson,British Museum,1860.6.17.75,,,,,1344,"Lippi, Filippino",,Trionfo di San Tommaso d'Aquino,,,
0000567-Berenson,British Museum,1895.9.15.447,,,,,567,"Botticelli, Sandro",,Figura allegorica dell'Abbondanza,,http://collection.britishmuseum.org/id/object/717742,
0000578-Berenson,British Museum,1895.9.15.448,,,,,578,"Botticelli, Sandro",School of,Figura allegorica della fede,,http://collection.britishmuseum.org/id/object/717744,
0000579-Berenson,British Museum,1895.9.15.449,,,,,579,"Botticelli, Sandro",School of,Madonna,,http://collection.britishmuseum.org/id/object/717746,
000567A-Berenson,British Museum,1895.9.15.450,,,,,567 A,"Botticelli, Sandro",,"Testa di giovane, quasi in profilo a sinistra, alzata come in estatica contemplazione",,http://collection.britishmuseum.org/id/object/717740,
0001347-Berenson,British Museum,1895.9.15.454 (Malcolm 18),,,,,1347,"Lippi, Filippino",,"Due figure drappeggiate, l'una a capo scoperto, seduta, l'altra in piedi che volge il viso altrove","Giovane snello col volto di Filippino stesso, e uomo con un libro.",http://collection.britishmuseum.org/id/object/717660,
000570A-Berenson,Musée Leon Bonnat,122,,,,,570 A,"Botticelli, Sandro",,Madonna seduta in atto di abbracciare il bambino,,,
000570D-Berenson,Musée Condé,11.bis,,DE16,http://srv225.hosteur.com/musee/conde02/images/DE-16-SCALF-1756.JPG,,570 D,"Botticelli, Sandro",School of,Giovane donna con una torcia nella mano sinistra che si trascina dietro un giovane nudo,,,"This is titled ""La Callumnia d'Apelle"" on the Musée Condé website - DE 16"
000570E-Berenson,Musée Condé,11.ter,,DE17,http://www.photo.rmn.fr/C.aspx?VP3=SearchResult_VPage&STID=2C6NU0Z2AXV5,,570 E,"Botticelli, Sandro",School of,Giovane donna che bisbiglia all'orecchio di un Re,,,
000572A-Berenson,Musée des beaux-art de Dijon,,,,,,572 A,"Botticelli, Sandro",School of,"Pilato seduto in trono sotto un baldacchino semicircolare fra due laici e due rabbini vestiti come monaci, si lava le mani sopra un bacile retto da un servo che mesce acqua da una brocca, mentre a destra un gruppo di guardie spinge avanti il Cristo",,,
0000582-Berenson,Musée du Louvre,2686,,,http://arts-graphiques.louvre.fr/detail/oeuvres/11/3539-Un-miracle-de-saint-Jean-lEvangeliste,,582,"Botticelli, Sandro",School of,"Alla presenza di astanti stupefatti, un Re si china a sollevare il lenzuolo funebre da due giovani che San giovanni Evangelista ha riportato in vita",,,
0000583-Berenson,Musée du Louvre,679,,,http://arts-graphiques.louvre.fr/detail/oeuvres/1/1186-Saint-Jean-lEvangeliste-baisant-les-pieds-de-Christ-mort-et-un-ange#,,583,"Botticelli, Sandro",School of,"Il giovane San Giovanni Evangelista abbraccia i piedi del Cristo morto (del quale null'altro si vede), mentre un Angelo stante regge un candelabro",,,
000570B-Berenson,Kupferstichkabinett,5135,,KdZ 5135,http://www.smb-digital.de/eMuseumPlus?service=ExternalInterface&module=collection&objectId=954879&viewType=detailView,,570 B,"Botticelli, Sandro",School of,Cinque Apostoli che ascoltano una semplice donna genuflessa,,,
0000561-Berenson,Kupferstichkabinett,,,,http://www.smb-digital.de/eMuseumPlus?service=ExternalInterface&module=collection&objectId=957098&viewType=detailView,,561,"Botticelli, Sandro",,"Ottantacinque fogli con illustrazioni per la Divina Commedia di Dante: per l'Inferno (eccettuati i canti I, IX, X, XII, XIII, XV, XVI ora nella Biblioteca Vaticana ed i Canti II, III, IV, V, VI, XI, XIV mai rinvenuti), per tutto il Purgatorio e per il Paradiso (meno i Canti XXXI e XXXIII)",,,just one of many links for these 85 drawings
000570C-Berenson,Kupferstichkabinett,,,,,,570 C,"Botticelli, Sandro",School of,Vecchio Apostolo che dorme accovacciato per terra,,,
0000572-Berenson,Hessischen Landesmuseums Darmstadt,A.E.1285,,,http://www.hlmd.de/fileadmin/user_upload/hlmd-Graphische-Sammlung-Sandro-Boticelli-Unterer-Teil-einer-Herabkunft-des-Heiligen-Geistes_2.jpg,,572,"Botticelli, Sandro",School of,"Otto uomini che volgono agitati lo sguardo in alto, davanti ad una parete con una porta chiusa",,,
000577B-Berenson,Universitätsgalerie,,,,,,577 B,"Botticelli, Sandro",School of,Incoronazione della Vergine,,,
000566A-Berenson,Hamburger Kunsthalle,,,21357,http://emp-web-48.zetcom.ch/eMuseumPlus?service=ExternalInterface&module=collection&objectId=84182&viewType=detailView,,566 A,"Botticelli, Sandro",,Giovane nudo che siede con le gambe incrociate e la testa affondata fra le braccia,,,
000576A-Berenson,Gabinetto disegni e stampe degli Uffizi,1149.E,,,,,576 A,"Botticelli, Sandro",School of,San Giovanni Evangelista risuscita lo sposo (secondo Jacopo da Varagine nella Legenda Aurea),,,
0000562-Berenson,Gabinetto disegni e stampe degli Uffizi,187.E,,,,,562,"Botticelli, Sandro",,"Lunetta con tre Angeli volteggianti, in atto di cantare leggendo una partitura",,,
0000563-Berenson,Gabinetto disegni e stampe degli Uffizi,188.E,,,http://www.uffizi.firenze.it/gdsu/euploos/?#/disegni:@00030627,,563,"Botticelli, Sandro",,Figura intera del Battista girato di tre quarti verso sinistra,,,
0000564-Berenson,Gabinetto disegni e stampe degli Uffizi,193.E,,,,,564,"Botticelli, Sandro",,San Girolamo seduto con un libro,,,
0000565-Berenson,Gabinetto disegni e stampe degli Uffizi,202.E,,,http://www.uffizi.firenze.it/gdsu/euploos/?#/disegni:@00030631,,565,"Botticelli, Sandro",,"Figura intera di Angelo, in profilo a destra, col braccio destro alzato",,,
0000566-Berenson,Gabinetto disegni e stampe degli Uffizi,209.E,,,,,566,"Botticelli, Sandro",,Natività,,,
0000573-Berenson,Biblioteca Riccardiana,1711,,,,,573,"Botticelli, Sandro",School of,"Fior di Virtù. Interno della prima pagina: Figura Femminile alata che si libra col piede destro sopra un vaso, reggendo fiori nella mano destra ed un astrolabio nella sinistra",,,
0000574-Berenson,Gabinetto disegni e stampe degli Uffizi,189.E,,,,,574,"Botticelli, Sandro",School of,Parte inferiore di una figura maschile in piedi in un paesaggio,,,
0000575-Berenson,Gabinetto disegni e stampe degli Uffizi,201.E,,,http://www.uffizi.firenze.it/gdsu/euploos/#/disegni:@00030630,http://www.uffizi.firenze.it/gdsu/euploos/#/disegni:@00065098,575,"Botticelli, Sandro",School of,Pallade che regge un cimiero nella mano destra ed un ramo d'ulivo nella sinistra ,Parte di un fregio con ornamenti geometrici e teste di putti,,
0000577-Berenson,Gabinetto disegni e stampe degli Uffizi,1248.E,,,,,577,"Botticelli, Sandro",School of,Sei figure genuflesse (due giovani inghirlandati che leggono un libro e dietro di loro quattro incappucciati) sulle quali aleggia la colomba dello Spirito Santo,,,
000577A-Berenson,Gabinetto disegni e stampe degli Uffizi,160.F,,,,,577 A,"Botticelli, Sandro",School of,"Uomo anziano e barbuto, coperto solamente alla vita con un panno, investito dal vento, che corre verso sinistra tappandosi la bocca con ambo le mani",,,
0000570-Berenson,Biblioteca Apostolica Vaticana,,,,,,570,"Botticelli, Sandro",,Sette fogli con otto illustrazioni per l'inferno di Dante (il primo foglio è illustrato su ambedue le facce),,,
0000585-Berenson,Biblioteca Nazionale Reale,15594,,,,,585,"Botticelli, Sandro",School of,San Paolo in trono,,,
0000586-Berenson,Biblioteca Nazionale Reale,15596,,,,,586,"Botticelli, Sandro",School of,Funerali di Santa Marina,,,
0000587-Berenson,Biblioteca Nazionale Reale,15597,,,,,587,"Botticelli, Sandro",School of,Pallade,,,
000561A-Berenson,Fitzwilliam Museum,910,,,http://webapps.fitzmuseum.cam.ac.uk/explorer/index.php?qu=ObjectNumber:910&oid=7133,,561 A,"Botticelli, Sandro",,"Madonna che sostiene sul suo ginocchio destro il Bambino Gesù, al quale un re prostrato bacia il piedino, mentre San Giuseppe si appoggia al suo bastone, con la testa fra le braccia",,,
000561B-Berenson,Fitzwilliam Museum,2888,,,http://webapps.fitzmuseum.cam.ac.uk/explorer/index.php?qu=ObjectNumber:%202888&oid=7134,,561 B,"Botticelli, Sandro",,"Gruppo di uomini ammantati, uno genuflesso, uno piegato in avanti con le braccia incrociate sul petto, gli altri in piedi",,,
000567B-Berenson,National Gallery,592,,,,,567 B,"Botticelli, Sandro",School of,Figura femminile drappeggiata che sorregge uno scudo con la mano sinistra,,,
0000581-Berenson,Ashmolean Museum,7,,WA1863.613,"http://www.ashmolean.org/ash/objects/makedetail.php?pmu=770&mu=772&gty=asea&sec=&dtn=15&sfn=Artist%20Sort,Title,Accession%20Number(s)&cpa=1&rpos=0&mat=&pro=&anum=&col=&art=sandro%20botticelli&ttl=&sou=","http://www.ashmolean.org/ash/objects/makedetail.php?pmu=770&mu=772&gty=asea&sec=&dtn=15&sfn=Artist%20Sort,Title,Accession%20Number(s)&cpa=1&rpos=0&mat=&pro=&anum=&col=&art=sandro%20botticelli&ttl=&sou=",581,"Botticelli, Sandro",,Testa femminile grande al naturale ,Pallade,,
000569A-Berenson,Morgan Library,,,,http://www.themorgan.org/drawings/item/141011,,569 A,"Botticelli, Sandro",,"Gruppo tumultuante di uomini ie cavalli che si spingono verso destra, ove la prima figura si china in avanti incrociando le mani sul petto con espressione estatica come vedesse finalmente l'oggetto del proprio desiderio",,,
000580A-Berenson,Metropolitan Museum of Art,104,,1975.1.280,http://www.metmuseum.org/art/collection/search/459478,,580 A,"Botticelli, Sandro",School of,Comunione di San Girolamo,,,
001347A-Berenson,British Museum,1946.7.13.1257,,,,,1347 A,"Lippi, Filippino",,Santo seduto sul terreno,,http://collection.britishmuseum.org/id/object/719298,
001347E-Berenson,British Museum,1946.7.13.1258,,,,,1347 E,"Lippi, Filippino",,Fanciulla in atto di suonare una piccola cetra,,http://collection.britishmuseum.org/id/object/719310,
001347B-Berenson,British Museum,1946.7.13.214,,,,,1347 B,"Lippi, Filippino",,"Studi di panneggi, di un cuscino con nappe, di una mano appoggiata sopra un libro e di figura nuda","Schizzo diagrammatico, forse per un Martirio di San Lorenzo.",http://collection.britishmuseum.org/id/object/717658,
001347D-Berenson,British Museum,1946.7.13.215,,,,,1347 D,"Lippi, Filippino",,Giovane donna seduta per terra fra un volteggiare di nastri,,http://collection.britishmuseum.org/id/object/717661,
001266A-Berenson,Musée Bonnat,1245,,,,,1266 A,"Lippi, Filippino",,"Giovane seduto sopra una balaustra, appoggiato al braccio destro, mentre col sinistro accenna verso il basso","Figura seduta in atto di disegnare, vista da tergo.",,
001266B-Berenson,Musée Bonnat,1246,,,,,1266 B,"Lippi, Filippino",,"Giovane ammantato, seduto in profilo a sinsitra",,,
0001267-Berenson,Kupferstichkabinett,474,,KdZ 474,http://www.smb-digital.de/eMuseumPlus?service=ExternalInterface&module=collection&objectId=942714&viewType=detailView ,http://www.smb-digital.de/eMuseumPlus?service=ExternalInterface&module=collection&objectId=942715&viewType=detailView,1267,"Lippi, Filippino",,Giovane seduto,Giovane martire.,,
0001268-Berenson,Kupferstichkabinett,475,,KdZ 475,http://www.smb-digital.de/eMuseumPlus?service=ExternalInterface&module=collection&objectId=948266&viewType=detailView,,1268,"Lippi, Filippino",,"Giovane donna volta verso sinistra, ma col viso girato verso lo spettatore, che raccoglie la veste con la mano sinistra",,,attribution has changed! now attributed to Raffaellino del Garbo
0001269-Berenson,Kupferstichkabinett,2367,,KdZ 2367,http://www.smb-digital.de/eMuseumPlus?service=ExternalInterface&module=collection&objectId=947933&viewType=detailView,,1269,"Lippi, Filippino",,Allegoria della Musica (la riproduzione è invertita),,,
001269A-Berenson,Kupferstichkabinett,616,,KdZ 616,http://www.smb-digital.de/eMuseumPlus?service=ExternalInterface&module=collection&objectId=941591&viewType=detailView,,1269 A,"Lippi, Filippino",,"Testa di uomo in profilo a destra, come per una figura inginocchiata in un'Adorazione",,,
0001270-Berenson,Kupferstichkabinett,5150,,KdZ 5150,http://www.smb-digital.de/eMuseumPlus?service=ExternalInterface&module=collection&objectId=955314&viewType=detailView,http://www.smb-digital.de/eMuseumPlus?service=ExternalInterface&module=collection&objectId=955315&viewType=detailView,1270,"Lippi, Filippino",,Giovane che tiene il mantello con la mano sinistra ed una penna nella destra,Nudo seduto.,,
0001271-Berenson,Kupferstichkabinett,5043,,KdZ 5043,http://www.smb-digital.de/eMuseumPlus?service=ExternalInterface&module=collection&objectId=939364&viewType=detailView,,1271,"Lippi, Filippino",,"Giovane uomo in atto di ricevere una persona più anziana, a lui inferiore di rango",,,
001271B-Berenson,Kupferstichkabinett,5174,,KdZ 5174,http://www.smb-digital.de/eMuseumPlus?service=ExternalInterface&module=collection&objectId=951469&viewType=detailView,http://www.smb-digital.de/eMuseumPlus?service=ExternalInterface&module=collection&objectId=951470&viewType=detailView,1271 B,"Lippi, Filippino",,Testa di giovane,,,
001271C-Berenson,Kupferstichkabinett,5169,,KdZ 5169,http://www.smb-digital.de/eMuseumPlus?service=ExternalInterface&module=collection&objectId=954322&viewType=detailView,,1271 C,"Lippi, Filippino",,Madonna col Bambino sul ginocchio Iscritto in un tondo,,,
001271D-Berenson,Kupferstichkabinett,5509,,KdZ 5509,http://www.smb-digital.de/eMuseumPlus?service=ExternalInterface&module=collection&objectId=939868&viewType=detailView,,1271 D,"Lippi, Filippino",,"Testa di giovane donna, in un medaglione",,,
001271E-Berenson,Isabella Gardner Museum,1.1.0/6,,1.1.o.6,http://www.gardnermuseum.org/collection/browse?filter=artist:3173,,1271 E,"Lippi, Filippino",,Il Bambino Gesù e San Giovannino in atto di abbracciarsi,,,
001271F-Berenson,Szépmuvészeti Mùzeum,421,,,,,1271 F,"Lippi, Filippino",,"Due Angeli musicanti, in profilo a destra, inginocchiati ai piedi di una Madonna della quale appaiono soltanto la gonna ed una gambina del Bambino",,,
001271G-Berenson,Fogg Art Museum,262.1920,,1965.394,http://www.harvardartmuseums.org/collections/object/296479?position=8,,1271 G,"Lippi, Filippino",,"Uomo ammantato genuflesso verso destra e, dietro a lui, una donna anch'essa in profilo, che si curva tendendo le braccia",,,pretty sure this is the drawing but has a different inventory number - was probably a mistake on Berenson's part
001271H-Berenson,Fogg Art Museum,1932.129,,,http://www.harvardartmuseums.org/collections/object/298515?position=3,,1271 H,"Lippi, Filippino",,"Madonna col Cristo morto sul grembo, assistita da due Angeli e, ai lati, genuflessi in adorazione, Paolo Eremita e Antonio Abate; nello sfondo architettonico qualcosa come la scalinata di un palazzo","Madonna col Cristo morto sul grembo, assistita da due Angeli e, ai lati, in piedi, Paolo Eremita ed Antonio Abate che si appoggiano sui loro bastoni; in alto, due Angeli che volteggiano.",,
001272A-Berenson,,,Narodni Galerie,,,,1272 A,"Lippi, Filippino",,Mosè fa scaturire l'acqua da una rupe,Prova di Mosè.,,
0001273-Berenson,Musée Condé,23,,,,,1273,"Lippi, Filippino",,"Testa di ragazzo quasi in profilo verso destra, con lo sguardo vòlto in alto ed un berretto sui capelli lunghi e fini",,,
0001274-Berenson,Musée Condé,7,,DE9,http://www.photo.rmn.fr/archive/00-021137-2C6NU0VSRPZM.html,,1274,"Lippi, Filippino",,Testa di uomo glabro con lo sguardo leggermente abbassato verso sinistra ed i capelli che gli escono da sotto il berretto,,,unsure if these are the right pictures 
001274A-Berenson,Musée Condé,8,,DE10,http://www.photo.rmn.fr/archive/13-601599-2C6NU0LPT9JK.html,,1274 A,"Lippi, Filippino",,Figura drappeggiata di uomo barbuto,,,unsure if these are the right pictures 
001274B-Berenson,,705,,,,,1274 B,"Lippi, Filippino",,Testa di vecchio in un ovale,,,
01275_1-Berenson,,,National Gallery,1991.190.1.j,http://www.nga.gov/content/ngaweb/Collection/art-object-page.74988.html,,1275,"Lippi, Filippino",,"Cinque schizzi montati insieme dal Vasari: Musa appoggiata ad un'erma e un'altra figura femminile drappeggiata vista da tergo; Santa che prega; putto che corre e due Angeli o Vittorie I primi due a punta d'argento con lumi di biacca su fondo grigio, gli altri tre a penna","Vedi BB nn. 760 recto, 1276, 1276 A e 1276 B.",,
01275_2-Berenson,,,National Gallery,1991.190.1.i,http://www.nga.gov/content/ngaweb/Collection/art-object-page.74987.html,,,,,,,,
01275_3-Berenson,,,National Gallery,1991.190.1.e,http://www.nga.gov/content/ngaweb/Collection/art-object-page.74983.html,,,,,,,,
01275_4-Berenson,,,National Gallery,1991.190.1.f,http://www.nga.gov/content/ngaweb/Collection/art-object-page.74984.html,,,,,,,,
01275_5-Berenson,,,National Gallery,1991.190.1.g,http://www.nga.gov/content/ngaweb/Collection/art-object-page.74985.html,,,,,,,,
0001276-Berenson,,,National Gallery,1991.190.1.d,http://www.nga.gov/content/ngaweb/Collection/art-object-page.74982.html,,1276,"Lippi, Filippino",,Giovane re; dietro a lui parti di figure nude ed una figura avvolta in un panneggio roteante,Per il verso vedi BB nn. 760 verso e 127S·,,
001276A-Berenson,,,National Gallery,1991.190.1.c,http://www.nga.gov/content/ngaweb/Collection/art-object-page.74981.html,,1276 A,"Lippi, Filippino",,Mendicante seminudo appoggiato ad un'asta,,,
001276B-Berenson,,,National Gallery,1991.190.1.b,http://www.nga.gov/content/ngaweb/Collection/art-object-page.74980.html,,1276 B,"Lippi, Filippino",,"Giovane nudo virile che volge la testa a destra, protende la mano destra e si tocca la coscia con la sinistra come se fosse un San Rocco",,,
0001277-Berenson,,,,704,,,1277,"Lippi, Filippino",,"Testa glabra di uomo anziano, in costume fiorentino, vòlto di tre quarti verso sinistra",,,
001277F-Berenson,Cleveland Museum of Art,,,1924.532,http://www.clevelandart.org/art/1924.532?collection_search_query=filippino+lippi&op=search&form_build_id=form-oLUN8xMtdVeYaSm7PBR5Wzb8GqoNodC7hw62leH2cnY&form_id=clevelandart_collection_search_form,,1277 F,"Lippi, Filippino",,"San Girolamo seduto alla sua scrivania, con un leone accucciato ai suoi piedi",,,
0001278-Berenson,Kupferstichkabinett,,,C 39,http://skd-online-collection.skd.museum/de/contents/showSearch?id=1023233,,1278,"Lippi, Filippino",,"A destra Sant'Andrea in piedi che legge e, a sinistra, un giovane seduto presso una tavola","Due Santi, uno dei quali con mazza e turbante.",,
0001279-Berenson,Kupferstichkabinett,,,C 21,http://skd-online-collection.skd.museum/de/contents/showSearch?id=1023235,,1279,"Lippi, Filippino",,Giovane pensoso seduto,Nudo con asta in atto di camminare.,,
0001280-Berenson,Kupferstichkabinett,,,C 18,http://skd-online-collection.skd.museum/de/contents/showSearch?id=1023236,,1280,"Lippi, Filippino",,Giovane che cammina muovendo le braccia,"Figura drappeggiata, seduta sopra un alto parapetto, piegata in avanti e vista da tergo.",,
0001281-Berenson,Uffizi,128.E,,,,,1281,"Lippi, Filippino",,"Vecchio ammantato, genuflesso in profilo a sinistra, che benedice con la mano destra, mentre tiene nella sinistra un vaso d'incenso",Frate seduto che mpstra un libro aperto allo spettatore.,,
0001282-Berenson,Uffizi,129.E,,,,,1282,"Lippi, Filippino",,San Bernardo seduto ad un leggio che alza gli occhi e le mani in estatica contemplazione,,,
0001283-Berenson,Uffizi,133.E,,,,,1283,"Lippi, Filippino",,"Figura ammantata, seduta sopra uno sgabello",,,
0001284-Berenson,Uffizi,134.E,,,,,1284,"Lippi, Filippino",,Tre figure drappeggiate distese per terra,,,
0001285-Berenson,Uffizi,139.E,,,,,1285,"Lippi, Filippino",,Testa femminile in profilo verso destra,,,
0001286-Berenson,Uffizi,141.E,,,http://www.uffizi.firenze.it/gdsu/euploos/?#/disegni:@00038594                     ,http://www.uffizi.firenze.it/gdsu/euploos/?#/disegni:@00064864,1286,"Lippi, Filippino",,"Tre figure: quella nel mezzo volge la testa, appoggiando goffamente il piede destro su uno sgabello; quella a destra porta uno sgabello, la terza guarda con aria di stupore",Giovane seduto che tiene una canna e uomo più anziano che dorme con la testa sopra una tavola.,,
0001287-Berenson,Uffizi,142.E,,,,,1287,"Lippi, Filippino",,Madonna in trono fra i Santi Nicola e Pietro Martire e due Sante,,,
001287A-Berenson,Uffizi,143.E,,,,,1287 A,"Lippi, Filippino",,Due studi pe run Arcangelo Gabriele in un'Annunciazione,,,
0001288-Berenson,Uffizi,144.E,,,,,1288,"Lippi, Filippino",,"Cristo fra i Dottori, a destra due minuscoli schizzi della stessa qualità e tecnica",Sul verso iscritto in grafia del XVI secolo «filippo di fra filippo».,,
001288A-Berenson,Uffizi,145.E,,,,,1288 A,"Lippi, Filippino",,"Figura drappeggiata, inginocchiata verso destra, con le mani incrociate sul petto",,,
0001289-Berenson,Uffizi,146.E,,,,,1289,"Lippi, Filippino",,"Schizzo leggero e frettoloso dall'affresco del Botticelli nella Cappella Sistina, rappresentante la «Distruzione dei Figli di Cora»",,,
0001290-Berenson,Uffizi,147.E,,,,,1290,"Lippi, Filippino",,"La Vergine seduta sopra uno sgabello alza gli occhi dal suo cucito verso il Bambino, che Sant'Anna inginocchiata tiene ritto sul terreno; a sinistra San Giovannino osserva, inginocchiato presso una sedia sulla quale c'è un libro aperto ch'egli stava leggendo",,,
001290A-Berenson,Uffizi,148.E,,,,,1290 A,"Lippi, Filippino",,"Cristo morto sorretto da due Angeli, mentre altri due Angeli, a braccia conserte, piangono ed adorano",,,
001290B-Berenson,Uffizi,149.E,,,,,1290 B,"Lippi, Filippino",,Studio per una Madonna inginocchiata in una Natività,,,
0001291-Berenson,Uffizi,154.E,,,,,1291,"Lippi, Filippino",,Figura con una torcia ed un paniere,Due bucrani e lo scheletro di una mano.,,
0001295-Berenson,Uffizi,171.E,,,,,1295,"Lippi, Filippino",,"Santo inginocchiato con un pastorale, presso un uomo in piedi",Due uomini seduti.,,
0001296-Berenson,Uffizi,172.E,,,,,1296,"Lippi, Filippino",,"Un uomo inginocchiato davanti ad un altro, ed un terzo che volge lo sguardo altrove",Tre uomini in conversazione.,,
0001297-Berenson,Uffizi,185.E,,,http://www.uffizi.firenze.it/gdsu/euploos/?#/disegni:@00038626,,1297,"Lippi, Filippino",,Due portatori di barella e disegno di una gamba su scala maggiore,,,
0001298-Berenson,Uffizi,186.E,,,http://www.uffizi.firenze.it/gdsu/euploos/?#/disegni:@00038627,http://www.uffizi.firenze.it/gdsu/euploos/?#/disegni:@00065070,1298,"Lippi, Filippino",,Resurrezione di Drusiana,Donna seduta in una barella con la mano destra alzata (a carboncino) ed una colonna di numeri arabi (a penna).,,
0001299-Berenson,Uffizi,195.E,,,,,1299,"Lippi, Filippino",,Nudo che spinge con un'asta,,,
0001300-Berenson,Uffizi,202.E,,,,,1300,"Lippi, Filippino",,Altea ed una compagna gettano il tizzone in un braciere,,,
0001301-Berenson,Uffizi,204.E,,,,,1301,"Lippi, Filippino",,Uomo ammantato che siede brandendo una spada nella mano sinistra,,,
0001302-Berenson,Uffizi,205.E,,,,,1302,"Lippi, Filippino",,Tre figure maschili drappeggiate,,,
0001303-Berenson,Uffizi,206.E,,,,,1303,"Lippi, Filippino",,Schizzo affrettato di una figura maschile drappeggiata seduta sopra uno sgabello,,,
001303A-Berenson,Uffizi,210.E,,,,,1303 A,"Lippi, Filippino",,Epifania,,,
0001304-Berenson,Uffizi,226.E,,,,,1304,"Lippi, Filippino",,"Studio incantevole per una Natività La Madonna è inginocchiata in primo piano, quasi di fronte, in adorazione del Bambino; a destra, San Giuseppe addormentato e, a sinistra, due Angeli; nello sfondo delle rovine ed una capanna",Busto di un giovane dagli occhi grandi e dall'aspetto alquanto timido.,,
0001305-Berenson,Uffizi,227.E,,,,,1305,"Lippi, Filippino",,"Rappresentazione mistica del Cristo sulla Croce, indossante la Sua tunica e la triplice tiara; la croce è sostenuta da due Angeli e, ai suoi piedi, un calice; il Battista ed un altro Santo sono inginocchiati; il tutto iscritto in una cornice",,,
0001306-Berenson,Uffizi,249.E,,,,,1306,"Lippi, Filippino",,Re David come Salmista,San Domenico che benedice e studio di panneggio.,,
0001307-Berenson,Uffizi,299.E,,,,,1307,"Lippi, Filippino",,Uomo ammantato seduto in profilo a destra,,,
0001308-Berenson,Uffizi,300.E,,,,,1308,"Lippi, Filippino",,"Figura seduta, addormentata",,,
0001309-Berenson,Uffizi,301.E,,,,,1309,"Lippi, Filippino",,"Giovane uomo seduto in profilo a sinistra, piegato in avanti, che si regge il mento con la mano destra",,,
0001310-Berenson,Uffizi,302.E,,,,,1310,"Lippi, Filippino",,"Giovane paludato che si piega, in profilo verso sinistra, ed alza gli occhi con aria sentimentale reggendosi il mento con la mano destra",,,
0001311-Berenson,Uffizi,303.E,,,,,1311,"Lippi, Filippino",,Giovane con un'asta in mano che sembra colpito durante un incontro di scherma,,,
001311A-Berenson,Uffizi,327.E,,,,,1311 A,"Lippi, Filippino",,"Figura avvolta in mantello e cappuccio, seduta verso destra, con la mano sopra un libro",,,
001311B-Berenson,Uffizi,353.E,,,,,1311 B,"Lippi, Filippino",,Sei o sette cavalieri - forse in relazione con una Adorazione dei Magi,,,
0001312-Berenson,Uffizi,501.O,,,http://www.uffizi.firenze.it/gdsu/euploos/?#/disegni:@00038654,,1312,"Lippi, Filippino",,Leone alato con la zampa appoggiata sopra un elmo; alla sua destra parte di una finestra circolare alla quale aderisce un putto alato,,,
0001313-Berenson,Uffizi,1551.E,,,,,1313,"Lippi, Filippino",,"Tondo: Testa di giovane uomo, in profilo perduto verso sinistra",,,
001313A-Berenson,Uffizi,1153.E,,,,,1313 A,"Lippi, Filippino",,Testa di donna,,,
001313B-Berenson,Uffizi,1156.E,,,http://www.uffizi.firenze.it/gdsu/euploos/?#/disegni:@00038659,,1313 B,"Lippi, Filippino",,Testa di giovane donna,,,
0001314-Berenson,Uffizi,1164.E,,,,,1314,"Lippi, Filippino",,"Donna seduta verso destra, che protende le braccia e busto di giovane",,,
0001315-Berenson,Uffizi,1168.E,,,,,1315,"Lippi, Filippino",,Europa,,,
0001316-Berenson,Uffizi,1169.E,,,,,1316,"Lippi, Filippino",,San Martino ed il mendico in una nicchia sotto la quale due tritoni accoccolati sorreggono lo stemma di Tanai de' Nerli,,,
0001317-Berenson,Uffizi,1170.E,,,,,1317,"Lippi, Filippino",,Carro di Fetonte,,,
0001318-Berenson,Uffizi,1253.E,,,,,1318,"Lippi, Filippino",,Un uomo in piedi ed un altro inginocchiato al suo fianco,,,
0001319-Berenson,Uffizi,1255.E,,,http://www.uffizi.firenze.it/gdsu/euploos/?#/disegni:@00038668              ,http://www.uffizi.firenze.it/gdsu/euploos/?#/disegni:@00066007,1319,"Lippi, Filippino",,Busto di Minerva che tiene in mano un piccolo scudo,"Un'Arpia e copia, a semplice contorno, da un bassorilievo antico.",,
0001320-Berenson,Uffizi,1256.E,,,,,1320,"Lippi, Filippino",,Donna che cuce,,,
001320A-Berenson,Uffizi,1257.E,,,,,1320 A,"Lippi, Filippino",,"Amorini che giuocano con le armi di un guerriero addormentato, a sinistra; un naviglio ed un giovane eroe che scopre una ninfa addormentata, a destra",,,
0001321-Berenson,Uffizi,1258.E,,,,,1321,"Lippi, Filippino",,Figura drappeggiata con un'asta in mano,,,
001321A-Berenson,Uffizi,1259.E,,,,,1321 A,"Lippi, Filippino",,Incoronazione della Vergine,,,
0001322-Berenson,Uffizi,1630.E,,,,,1322,"Lippi, Filippino",,Tondo: Due Tritoni,,,
0001323-Berenson,Uffizi,1631.E,,,,,1323,"Lippi, Filippino",,Tondo: Due Mostri marini,,,
0001324-Berenson,Uffizi,1632.E,,,,,1324,"Lippi, Filippino",,"Arabeschi, un fanciullo che si tiene attaccato ad un nudo femminile ed un'Arpia",,,
0001325-Berenson,Uffizi,1633.E,,,,,1325,"Lippi, Filippino",,"Creature marine, un arabesco",,,
0001326-Berenson,Uffizi,1634.E,,,,,1326,"Lippi, Filippino",,Arabesco,,,
001326A-Berenson,Uffizi,1635.E,,,,,1326 A,"Lippi, Filippino",,Arabesco,,,
001326B-Berenson,Uffizi,1636.E,,,,,1326 B,"Lippi, Filippino",,Putto alato che ciba un cigno; arabesco,,,
001326C-Berenson,Uffizi,1637.E,,,http://www.uffizi.firenze.it/gdsu/euploos/?#/disegni:@00038678                   ,http://www.uffizi.firenze.it/gdsu/euploos/?#/disegni:@00077504,1326 C,"Lippi, Filippino",,Arabesco,Arabesco.,,
001326D-Berenson,Uffizi,35.F,,,,,1326 D,"Lippi, Filippino",,Nudo maschile con le spalle rotonde e le braccia conserte in atto di camminare verso destra,,,
001326E-Berenson,Uffizi,106.F,,,,,1326 E,"Lippi, Filippino",,"Due cavalieri che galoppano in direzioni opposte, brandendo le loro sciabole e quattro uomini appiedati, uno dei quali corre",,,
001326F-Berenson,Uffizi,159.F,,,,,1326 F,"Lippi, Filippino",,Testa di giovane donna che guarda verso destra,,,
001326G-Berenson,Uffizi,161.F,,,,,1326 G,"Lippi, Filippino",,Testa di donna ancora giovane,,,
001326H-Berenson,Uffizi,162.F,,,,,1326 H,"Lippi, Filippino",,"Figura maschile maestosa, drappeggiata, in piedi, volta a sinistra",,,
0001327-Berenson,Uffizi,166.F,,,,,1327,"Lippi, Filippino",,Due Sante inginocchiate in profilo a sinistra,,,
0001328-Berenson,Uffizi,167.F,,,,,1328,"Lippi, Filippino",,"Studio per la Vergine sorretta da un'altra donna, senza dubbio per una Crocifissione","Torso femminile disteso, quasi pontormesco.",,
0001329-Berenson,Uffizi,168.F,,,,,1329,"Lippi, Filippino",,Giovane donna in un atteggiamento che fa pensare ad una Vergine Annunziata,,,
001329A-Berenson,Uffizi,169.F,,,,,1329 A,"Lippi, Filippino",,Laocoonte afferrati dai serpenti mentre sta sacrificando,,,
001329B-Berenson,Uffizi,173.F,,,,,1329 B,"Lippi, Filippino",,"Giovane donna in abiti fluttuanti, con un velo che le svolazza via dalla mano destra, in atto di avanzare verso sinistra reggendosi la veste con la mano sinistra e lanciando sguardi pieni di civetteria",,,
001329C-Berenson,Uffizi,177.F,,,,,1329 C,"Lippi, Filippino",,Angelo annunciante genuflesso verso destra,,,
0001330-Berenson,Uffizi,178.F,,,,,1330,"Lippi, Filippino",,Testa di giovane donna,,,
001333A-Berenson,Uffizi,617.O,,,,,1333 A,"Lippi, Filippino",,Allegorie della Fortezza e della Temperanza,"Simboli dei quattro Evangelisti disposti in modo degno di Benvenuto Cellini, e figura incoronata seduta, che regge un libro aperto iscritto in un circolo e tiene il piede sopra una figura prostrata, definita Sardanapallo.",,
001333B-Berenson,Uffizi,183,,,,,1333 B,"Lippi, Filippino",,"Quattro figure virili avvolte in pesanti panneggi e atteggiate a sorpresa; nello sfondo una figura inginocchiata presso un sarcofago e a destra vaghe indicazioni di un edificio circolare a molti piani, senza dubbio il Colosseo",,,
001341A-Berenson,Städelsches Institut,418,,,,,1341 A,"Lippi, Filippino",,"Giovane seduto; sopra il suo braccio destro alzato, il palmo di una mano aperta",,,
001341B-Berenson,Städelsches Institut,6950,,,,,1341 B,"Lippi, Filippino",,Busto di un giovane,,,
001341C-Berenson,Teylers Museum,47,,,,,1341 C,"Lippi, Filippino",,"Giovane paludato in piedi, con un'asta nella mano sinistra e lo sguardo chino, quasi di profilo a destra, che fa un gesto di sorpresa",,,
001341D-Berenson,,,Pushkin Museum,,,,1341 D,"Lippi, Filippino",,"Due uomini, l'uno seduto verso sinistra, l'altro chinato verso sinistra, col piede destro sopra uno sgabello ed il mento nella mano destra",Due uomini in vivace conversazione.,,
001341F-Berenson,,,Pushkin Museum,,,,1341 F,"Lippi, Filippino",,Laocoonte,,,
001341J-Berenson,Kunsthalle,21275,,,http://emp-web-48.zetcom.ch/eMuseumPlus?service=ExternalInterface&module=collection&objectId=84378&viewType=detailView,,1341 J,"Lippi, Filippino",,Uomo ammantato che avanza verso sinistra,,,
01341J1-Berenson,William Rockhill Nelson Gallery of Art,,,,http://search.nelson-atkins.org/collections/objectview.cfm?Start=1&ret=1&objectid=23998&8ae4201438fb8b86-6D3376C4-0BF9-BF87-225870D9853D879A,,1341 J-1,"Lippi, Filippino",,"Giovane paludato seduto in profilo a destra, con il lucco in testa e le mani in mano, e un giovane diacono seduto, con la palma del martirio nella mano destra ed un libro nella sinistra",,,
0001342-Berenson,Palais des Beaux-Arts,18,,78,,,1342,"Lippi, Filippino",,Madonna seduta che sorregge il Bambino con la mano sinistra e tiene un libriccino nella destra,,,
0001343-Berenson,Palais des Beaux-Arts,290,,,,,1343,"Lippi, Filippino",,"Quattro nudi accovacciati, uno dei quali allontana gli occhi da un libro",,,
001343A-Berenson,Palais des Beaux-Arts,633,,,,,1343 A,"Lippi, Filippino",,"Donna avvolta in ampi panneggi, seduta per terra; a sinistra, due Angeli con libri in mano",,,
01343A1-Berenson,Museum,NI.246,,,,,1343 A-1,"Lippi, Filippino",,Testa di uomo glabro con lo sguardo abbassato verso destra,,,
001347C-Berenson,British Museum,1946.7.13.6,,,,,1347 C,"Lippi, Filippino",,La morte di Meleagro,,http://collection.britishmuseum.org/id/object/717588,
01347G1-Berenson,Soane Museum,Margaret Chinnery Album.f.19.20,,,,,1347 G-1,"Lippi, Filippino",,"Sant'Agostino, col pastorale nella destra ed un libro aperto nella sinistra, in piedi in una nicchia, sormontata da un occhio in prospettiva al quale si affaccia, a mezzo busto, re David che suona l'arpa con la testa avvolta in un turbante",,,
01347G2-Berenson,Soane Museum,Margaret Chinnery Album.f.19.21,,,,,1347 G-2,"Lippi, Filippino",,"Santo monaco, glabro, che rebbe un librone chiuso con la mano sinistra e accenna con l'altra mano verso destra, in piedi in una nicchia sormontata da un occhio nel quale appare, a mezzo busto, Mosè con le Tavole della Legge",,,
001350A-Berenson,,,,,,,1350 A,"Lippi, Filippino",,"Carro trionfale trainato da due uomini preceduti da un gruppo di «Cavalieri Orientali», mentre altri avanzano dallo sfondo",,,
001350B-Berenson,,3830,Marie-Anne Krugier-Poniatowski Collection.,,,,1350 B,"Lippi, Filippino",,"Figura intera, in pesanti panneggi, vòlta a sinistra, con un libro aperto nelle mani",,,
0001351-Berenson,Ambrosiana,,,3717,http://italnet.library.nd.edu/ambrosiana/webpubsql_ambros_ita.pl?email=no&totalrows=10&firstrec=0&artist=&title=&media=&description=&provenance=&reason=&subject=&bibliography=berenson&accession=&ndcatno_lower_op=%3D&ndcatno_lower=&ndcatno_join=AND&ndcatno_upper_op=%3C%3D&ndcatno_upper=&orderby=artist&offset=10&page=detail&config_file=%2Fmnt%2Fitalnet%2Fambrosiana%2Fconfig_files%2Fconfig_file_it.txt,,1351,"Lippi, Filippino",,"Busto di vecchio glabro con capelli corti e ricciuti, che volge il capo verso destra",,,
0001352-Berenson,Ambrosiana,Codice Resta,,333,http://italnet.library.nd.edu/ambrosiana/webpubsql_ambros_ita.pl?email=no&totalrows=10&firstrec=1&artist=&title=&media=&description=&provenance=&reason=&subject=&bibliography=berenson&accession=&ndcatno_lower_op=%3D&ndcatno_lower=&ndcatno_join=AND&ndcatno_upper_op=%3C%3D&ndcatno_upper=&orderby=artist&offset=10&page=detail&config_file=%2Fmnt%2Fitalnet%2Fambrosiana%2Fconfig_files%2Fconfig_file_it.txt,,1352,"Lippi, Filippino",,Figura femminile distesa,,,
0001353-Berenson,,,,,,,1353,"Lippi, Filippino",,Busto di un vecchio seminudo,,,
001353A-Berenson,,,National Gallery,2006.11.70,http://www.nga.gov/content/ngaweb/Collection/art-object-page.75792.html,,1353 A,"Lippi, Filippino",,Studio architettonico per un coronamento barocco,,,
001353B-Berenson,Metropolitan Museum,36.101.1,,,http://www.metmuseum.org/art/collection/search/339343?pos=1&rpp=20&pg=1&ft=filippino+lippi&what=Drawings,,1353 B,"Lippi, Filippino",,San Sebastiano in piedi ed un uomo seduto che legge,,,
001353C-Berenson,Morgan Library,IV.3.,,,http://www.themorgan.org/drawings/item/142044,,1353 C,"Lippi, Filippino",,"In primo piano, Re disteso seminudo presso una capanna in rovina, con due donne ed un uomo che vengono a parlargli; nello sfondo, la Visitazione",,,
001353D-Berenson,Morgan Library,"II, 72–73.r.",,,http://www.themorgan.org/drawings/item/142045,,1353 D,"Lippi, Filippino",,"Uomo avvolto in un pesante mantello, seduto col volto quasi di profilo, che stringe le mani a capo chino, come se piangesse","Giovane Vescovo (?) che si piega all'indietro, con un'asta nella mano sinistra.",,
001353E-Berenson,Morgan Library,"I.4c.II,74",,I.4c,http://www.themorgan.org/drawings/item/142043,,1353 E,"Lippi, Filippino",,"Giovane martire pesantemente drappeggiato con una palma nella mano destra ed un libro nella sinistra, che guarda a sinistra",,,"morgan library attributes this to the ""school of Filippino Lippi"""
001353F-Berenson,Morgan Library,1951.1.r,,1951.1,http://www.themorgan.org/drawings/item/142042,,1353 F,"Lippi, Filippino",,"La Maddalena si prostra, in profilo a destra, ai piedi di un Cristo assai giovanile","Giovane pesantemente drappeggiato, con le mani sopra una lunga spada e giovinetto che si piega verso di lui tenendo un'asta nella mano destra e poggiando il ginocchio sinistro sopra uno sgabello.",,
001353G-Berenson,,,Morgan Library,1986.75,http://www.themorgan.org/drawings/item/142041,,1353 G,"Lippi, Filippino",,Figura drappeggiata che avanza verso destra col braccio sinistro alzato,,,
001353H-Berenson,Allen Memorial Art Museum,56.64,,1954.64,http://allenartcollection.oberlin.edu/emuseum/view/objects/asitem/People$00404958/1?t:state:flow=0b1934f1-eb0f-4e3d-a011-bd13fdff3ca0,,1353 H,"Lippi, Filippino",,"Cristo sorretto sulla tomba da un vecchio con turbante, fra due Angeli dolenti",,,
001353I-Berenson,Ashmolean Museum,21,,WA1951.162,"http://www.ashmolean.org/ash/objects/makedetail.php?pmu=770&mu=772&gty=asea&sec=&dtn=15&sfn=Artist%20Sort,Title,Accession%20Number(s)&cpa=1&rpos=1&mat=&pro=&anum=&col=&art=Lippi&ttl=&sou=",,1353 I,"Lippi, Filippino",,Morte di Meleagro,,,
0001354-Berenson,Christ Church,A.12,,,,,1354,"Lippi, Filippino",,Giovane che si china in profilo verso destra,,,
0001355-Berenson,Christ Church,A.13,,,,,1355,"Lippi, Filippino",,"Giovane pesantemente drappeggiato, a figura intera, piegato leggermente a sinistra",,,
001355A-Berenson,Christ Church,,,,,,1355 A,"Lippi, Filippino",,Cinque disegni incorniciati dal Vasari: 1) Tritoni che sollevano trofei,,,
001355A-Berenson,Christ Church,,,,,,1355 A,"Lippi, Filippino",,Cinque disegni incorniciati dal Vasari: 2) Uomo che lotta con una centauressa ed un altro che trascina via una porta,,,
001355A-Berenson,Christ Church,,,,,,1355 A,"Lippi, Filippino",,"Cinque disegni incorniciati dal Vasari: 3) Battaglia fra un centauro, un satiro, un uomo ed una donna",,,
001355A-Berenson,Christ Church,,,,,,1355 A,"Lippi, Filippino",,Cinque disegni incorniciati dal Vasari: 4) Vergine col Bambino e Santi,,,
001355A-Berenson,Christ Church,,,,,,1355 A,"Lippi, Filippino",,Cinque disegni incorniciati dal Vasari: 5) Le afflizioni di Giobbe,,,
01355B1-Berenson,Christ Church,,,,,,1355 B-1,"Lippi, Filippino",,Due fogli di schizzi in una sola montatura: 1) Quattro figure drappeggiate,Di David Ghirlandajo. Vedi BB n. 853A.,,
01355B2-Berenson,Christ Church,,,,,,1355 B-2,"Lippi, Filippino",,Due fogli di schizzi in una sola montatura: 2) Due figure maschili nude e due drappeggiate,Di David Ghirlandajo. Vedi BB n. 853A.,,
0001356-Berenson,Louvre,1257,,,http://arts-graphiques.louvre.fr/detail/oeuvres/10/1870-Deux-tetes-de-jeunes-hommes-vues-de-trois-quarts-max             ,http://arts-graphiques.louvre.fr/detail/oeuvres/11/1871-Etude-dhomme-nu-tenant-un-baton-tourne-vers-la-droite-max,1356,"Lippi, Filippino",,Due teste di fanciulli,Nudo maschile che regge un'asta.,,no recto
001356A-Berenson,Louvre,1253,,,http://arts-graphiques.louvre.fr/detail/oeuvres/3/1861-Homme-drape-assis-la-tete-appuyee-sur-la-main-gauche-max,http://arts-graphiques.louvre.fr/detail/oeuvres/4/1862-Homme-drape-de-trois-quarts-vers-la-gauche-le-bras-droit-releve-max,1356 A,"Lippi, Filippino",,Giovane paludato,Angelo annunciante.,,
0001357-Berenson,Louvre,1254,,,http://arts-graphiques.louvre.fr/detail/oeuvres/5/1863-Jeune-homme-allonge-appuye-sur-son-coude-droit-max,http://arts-graphiques.louvre.fr/detail/oeuvres/6/1864-Etude-de-deux-chevaux-tournes-vers-la-droite-max,1357,"Lippi, Filippino",,"Giovane uomo, sdraiato per terra ed altro schizzo più affrettato per il medesimo",Studio di due cavalli.,,
0001358-Berenson,Louvre,1255,,,http://arts-graphiques.louvre.fr/detail/oeuvres/7/1865-Deux-jeunes-hommes-assis-lun-jouant-de-la-mandoline-max,http://arts-graphiques.louvre.fr/detail/oeuvres/8/1866-Homme-assis-travaillant-sur-un-etabli-max,1358,"Lippi, Filippino",,"Due giovani seduti, uno dei quali suona il mandolino",Uomo seduto al lavoro.,,
0001359-Berenson,Louvre,2689,,,http://arts-graphiques.louvre.fr/detail/oeuvres/29/3543-Un-saint-debout-la-tete-inclinee-et-les-mains-jointes-max,,1359,"Lippi, Filippino",,Mezza figura di San Francesco,,,
001359A-Berenson,Louvre,2665,,,http://arts-graphiques.louvre.fr/detail/oeuvres/19/3515-Tete-de-jeune-homme-vue-de-trois-quarts-max,http://arts-graphiques.louvre.fr/detail/oeuvres/20/3516-Etude-de-femme-marchant-vers-la-gauche-vue-des-pieds-a-la-ceinture-max,1359 A,"Lippi, Filippino",,"Testa di giovane che guarda verso il basso, quasi in profilo verso sinistra","Figura femminile drappeggiata dalla vita in giù, in atto di camminare verso sinistra.",,
001359B-Berenson,Louvre,2690,,,http://arts-graphiques.louvre.fr/detail/oeuvres/30/3544-Tete-dhomme-de-profil-vers-la-droite-max,,1359 B,"Lippi, Filippino",,"Testa virile in profilo a destra, che guarda leggermente in basso",,,
0001360-Berenson,Louvre,2697,,,http://arts-graphiques.louvre.fr/detail/oeuvres/35/3552-Pieta-entre-saint-Paul-Ermite-et-saint-Antoine-abbe-max,,1360,"Lippi, Filippino",,"Cristo morto in grembo alla Madre, fra Sant'Antonio Abate e San Pietro Eremita",,,
0001361-Berenson,Louvre,9876,,,http://arts-graphiques.louvre.fr/detail/oeuvres/42/102013-Une-sirene-ou-naiade-allaitant-un-putto-et-un-petit-faune-max,,1361,"Lippi, Filippino",,Sirena che giuoca con due putti,,,
0001362-Berenson,Louvre,432,,,http://arts-graphiques.louvre.fr/detail/oeuvres/54/111979-Homme-drape-assis-tourne-de-trois-quarts-vers-la-gauche-max,http://arts-graphiques.louvre.fr/detail/oeuvres/55/111980-Homme-drape-de-trois-quarts-vers-la-gauche-max,1362,"Lippi, Filippino",,"Giovane uomo ammantato, seduto, con le mani in mano","Giovane uomo chino a sinistra, con la testa nella mano.",,
001362A-Berenson,Louvre,457.RF,,,http://arts-graphiques.louvre.fr/detail/oeuvres/58/112017-Tobie-et-lange-et-un-autre-ange-max,,1362 A,"Lippi, Filippino",,Tobiolo con gli Arcangeli Raffaele e Gabriele,,,
001362B-Berenson,Louvre,63451.63452,,,,,1362 B,"Lippi, Filippino",,Due studi per un Angelo inginocchiato sopra un piedistallo e con un candelabro in mano,,,
0001363-Berenson,Ecole des Beaux-Arts,187,,,http://www.ensba.fr/ow2/catzarts/voir.xsp?id=00101-22375&qid=sdx_q0&n=2&e=,,1363,"Lippi, Filippino",,Due studiosi in conversazione,Due figure analoghe a quelle sul recto.,,
001363A-Berenson,Institut Néerlandais,4476,,,,,1363 A,"Lippi, Filippino",,"Monaco in piedi, volto a destra, che regge un libro, con le braccia piegate",,,
001363B-Berenson,Institut Néerlandais,4984.r,,,,,1363 B,"Lippi, Filippino",,"Donna in profilo a sinistra, con le vesti ondeggianti ed uno stelo o fiore nella mano destra","Figura femminile drappeggiata, vista di fronte,  nell'atteggiamento di una Vergine.",,
001364A-Berenson,Gabinetto Nazionale delle Stampe,128401,,,,http://calcografica.ing.beniculturali.it/index.php?page=default&id=6&lang=it&item_id=190392&schemaType=D&schemaVersion=2.00,1364 A,"Lippi, Filippino",,"Nudo giovanile, con la mano sinistra sul fianco","Venere drappeggiata, che naviga sopra un cigno.",,no recto
0001365-Berenson,Gabinetto Nazionale delle Stampe,130452,,,http://calcografica.ing.beniculturali.it/index.php?page=default&id=6&lang=it&item_id=189914&schemaType=D&schemaVersion=2.00,http://calcografica.ing.beniculturali.it/index.php?page=default&id=6&lang=it&item_id=189915&schemaType=D&schemaVersion=2.00,1365,"Lippi, Filippino",,"San Francesco consegna la regola all'Ordine dei Terziari, rappresentato da un Re e da una vedova inginocchiati",Testa femminile (a penna) e schizzo sommario di una testa e di un torso (a carboncino).,,
0001366-Berenson,Gabinetto Nazionale delle Stampe,130485,,,http://calcografica.ing.beniculturali.it/index.php?page=default&id=6&lang=it&item_id=189956&schemaType=D&schemaVersion=2.00,http://calcografica.ing.beniculturali.it/index.php?page=default&id=6&lang=it&item_id=189957&schemaType=D&schemaVersion=2.00,1366,"Lippi, Filippino",,Uomo nudo che si piega in giù,Il Battista che predica.,,
001366A-Berenson,Boijmans Museum,,,I.12,,,1366 A,"Lippi, Filippino",,"Vari schizzi per architetture e piccole figurine in vari gruppi, le più importanti per un Cristo inginocchiato",,,
01366A1-Berenson,Boijmans Museum,,,I.489,,,1366 A-1,"Lippi, Filippino",,Rapido schizzo per un Sant'Antonio Abate che si volta leggermente a destra,,,
001366B-Berenson,Nationalmuseum,67.68,,NMH 67/1863,"http://collection.nationalmuseum.se/eMuseumPlus?service=ExternalInterface&module=collection&objectId=82698&viewType=detailView
",http://collection.nationalmuseum.se/eMuseumPlus?service=ExternalInterface&module=collection&objectId=45690&viewType=detailView,1366 B,"Lippi, Filippino",,"Nudo che guarda in basso, in profilo a destra, con le mani e tutta l'azione esprimenti pietà e sorpresa",Un giovane a gambe nude che piega un palo.,,"no image for the verso, just a link"
001366C-Berenson,Nationalmuseum,76,,NMH 76/1863,http://collection.nationalmuseum.se/eMuseumPlus?service=ExternalInterface&module=collection&objectId=45729&viewType=detailView,http://collection.nationalmuseum.se/eMuseumPlus?service=ExternalInterface&module=collection&objectId=77801&viewType=detailView,1366 C,"Lippi, Filippino",,"Un Battista ancora ragazzino e delicatamente sentimentale, seduto sotto un albero con la testa fra le mani, assorto in fantasticherie; in uno dei rami dell'albero, una scure (motivo bizantino)","Due poderosi nudi, uno dei quali tiene una vacca per la coda.",,
001366D-Berenson,Nationalmuseum,2,,NMH 2/1863,http://collection.nationalmuseum.se/eMuseumPlus?service=ExternalInterface&module=collection&objectId=45169&viewType=detailView,,1366 D,"Lippi, Filippino",,"Ercole e Nesso e, in un inserto al di sotto, un centauro che abbatte un nudo maschile in presenza di un'erma con la mano distesa",,,
001366E-Berenson,Nationalmuseum,50,,NMH 50/1863,http://collection.nationalmuseum.se/eMuseumPlus?service=ExternalInterface&module=collection&objectId=45567&viewType=detailView,,1366 E,"Lippi, Filippino",,"Giovane seduto in atto di cucire, forse l'apprendista di un sarto",,,
001366F-Berenson,Nationalmuseum,69,,NMH 69/1863,http://collection.nationalmuseum.se/eMuseumPlus?service=ExternalInterface&module=collection&objectId=45691&viewType=detailView,,1366 F,"Lippi, Filippino",,"Due figure paludate, l'una seduta, l'altra in piedi, ambedue vòlte verso sinistra",,,
001366G-Berenson,Nationalmuseum,83,,NMH 83/1863,http://collection.nationalmuseum.se/eMuseumPlus?service=ExternalInterface&module=collection&objectId=45732&viewType=detailView,,1366 G,"Lippi, Filippino",,"Giovane monaco in profilo a sinistra, con le mani giunte in preghiera",,,
001366H-Berenson,Nationalmuseum,96,,NMH 96/1863,http://collection.nationalmuseum.se/eMuseumPlus?service=ExternalInterface&module=collection&objectId=45829&viewType=detailView,,1366 H,"Lippi, Filippino",,"Due esili donne in atto di camminare, quella che è a destra si volta verso l'altra che appare in profilo a destra",,,
001366I-Berenson,Biblioteca Reale,15611,,,,,1366 I,"Lippi, Filippino",,"Giovane atletico (Adamo?), con le gambe divaricate, le braccia alzate e le mani che forzano il timone di una zappa che sta affondando nel terreno; in basso a destra, una gamba destra, senza dubbio frammento di un altro nudo",,,
001366L-Berenson,Albertina,24413,,,http://sammlungenonline.albertina.at/?query=Inventarnummer=[24413]&showtype=record,,1366 L,"Lippi, Filippino",,Giovane ammantato seduto a sinistra e dorso di una mano sinistra appoggiata ad un'anca,Vaghi accenni per una testa.,,
0001368-Berenson,Royal Library,12821,,,https://www.royalcollection.org.uk/collection/search#/1/collection/912821/the-virgin-and-child-with-angels,,1368,"Lippi, Filippino",,"Madonna che si tiene il Bambino accanto al ginocchio; da un lato un Angelo genuflesso, dall'altra un Angelo che suona il liuto",,,
0001369-Berenson,Royal Library,12822,,,https://www.royalcollection.org.uk/collection/912822/recto-the-head-of-a-man-verso-praying-hands,,1369,"Lippi, Filippino",,Testa arruffata di uomo anziano dal volto glabro,Mani piegate.,,
001369A-Berenson,Museum of Fine Arts,36.417,,,http://www.mfa.org/collections/object/young-man-youth-seated-on-a-stool-247898,,1369 A,Filippino Lippi,School of,"Giovane seduto sopra uno sgabello, in profilo a destra, che accenna in fuori con la mano destra",,,
0001370-Berenson,Kupferstichsammlung,,Herzog Anton Ulrich-Museum,,,,1370,Filippino Lippi,School of,Giovane in profilo a sinistra,,,
0001371-Berenson,Musée Condé,,,,,,1371,Filippino Lippi,School of,"Venere, una figura femminile con la lira ed altre tre figure",,,
0001372-Berenson,Kupferstichkabinett,C16,,,,,1372,Filippino Lippi,School of,Due studi del Battista,Due studi del Battista.,,
0001373-Berenson,Kupferstichkabinett,C38,,,,,1373,Filippino Lippi,School of,Copia delle figure a destra nel Tabernacolo di Filippino a Prato,,,
0001374-Berenson,Uffizi,127.E,,,,,1374,Filippino Lippi,School of,Vergine in adorazione del Bambino Gesù,,,
0001377-Berenson,Uffizi,176.O,,,,,1377,Filippino Lippi,School of,Arabeschi,,,
0001378-Berenson,Uffizi,200.E,,,,,1378,Filippino Lippi,School of,Angelo annunciante,,,
0001382-Berenson,Uffizi,174.F,,,,,1382,Filippino Lippi,School of,Fedele copia di bottega del cartone per la parte sinistra dell'«Assunzione» in Santa Maria sopra Minerva a Roma,,,
001382A-Berenson,Hornby Library,Dq.79,,,,,1382 A,Filippino Lippi,School of,"Figura femminile incappucciata che avanza verso destra come se andasse contro vento, portando un cestino ed una conocchia con la mano sinistra, mentre con la destra si preme la bocca",,,
001382B-Berenson,Christ Church,A.14,,,,,1382 B,Filippino Lippi,School of,Mosè fa scaturire l'acqua dalla rupe,,,
001382C-Berenson,Louvre,1256,,,http://arts-graphiques.louvre.fr/detail/oeuvres/1/1867-Un-chien-saisissant-un-lievre-max,,1382 C,Filippino Lippi,School of,Cane che acchiappa una lepre,,,
001382D-Berenson,Louvre,9877,,,http://arts-graphiques.louvre.fr/detail/oeuvres/1/102014-LApollon-du-Belvedere#,,1382 D,Filippino Lippi,School of,"Studio di un nudo, derivato dall'Apollo Belvedere",,,
001382E-Berenson,,,Louvre,28956,http://arts-graphiques.louvre.fr/detail/oeuvres/1/228329-Moine-assis-de-trois-quarts-vers-la-gauche-max,,1382 E,Filippino Lippi,School of,"Uomo avvolto in un mantello con cappuccio, che si siede in profilo a sinistra",,,
001383A-Berenson,Pinacoteca,138,,,,,1383 A,Filippino Lippi,School of,Copia contemporanea del cartone che rappresenta uno studio per l'«Assunzione» in Santa Maria sopra Minerva a Roma,,,
001347F-Berenson,British Museum,Fawkner 1769,,,,,1347 F,"Lippi, Filippino",,Testa femminile in un tondo,,,
0000568-Berenson,Biblioteca Ambrosiana,Codice Resta,,,http://italnet.library.nd.edu/ambrosiana/webpubsql_ambros_ita.pl?email=no&totalrows=10&firstrec=7&artist=&title=&media=&description=&provenance=&reason=&subject=&bibliography=berenson&accession=&ndcatno_lower_op=%3D&ndcatno_lower=&ndcatno_join=AND&ndcatno_upper_op=%3C%3D&ndcatno_upper=&orderby=artist&offset=10&page=detail&config_file=%2Fmnt%2Fitalnet%2Fambrosiana%2Fconfig_files%2Fconfig_file_it.txt,,568,"Botticelli, Sandro",,"Pallade con una mazza nella mano destra ed uno scudo nella sinistra, sopra un ornato piedistallo",,,
0000569-Berenson,Biblioteca Ambrosiana,Codice Resta,,,http://italnet.library.nd.edu/ambrosiana/webpubsql_ambros_ita.pl?email=no&totalrows=10&firstrec=8&artist=&title=&media=&description=&provenance=&reason=&subject=&bibliography=berenson&accession=&ndcatno_lower_op=%3D&ndcatno_lower=&ndcatno_join=AND&ndcatno_upper_op=%3C%3D&ndcatno_upper=&orderby=artist&offset=10&page=detail&config_file=%2Fmnt%2Fitalnet%2Fambrosiana%2Fconfig_files%2Fconfig_file_it.txt,,569,"Botticelli, Sandro",,San Tommaso genuflesso verso sinistra con le braccia tese,,,